<?xml version="1.0" encoding="UTF-8"?>
<project-private xmlns="http://www.netbeans.org/ns/project-private/1">
    <editor-bookmarks xmlns="http://www.netbeans.org/ns/editor-bookmarks/2" lastBookmarkId="0"/>
    <open-files xmlns="http://www.netbeans.org/ns/projectui-open-files/2">
        <group>
            <file>file:/C:/Users/Admin/Desktop/Desktop/%C2%A0/Xsynthetic%20Tradings/Assigments%20assistance/Varsity%20College/New%20Client/ST10363314/ST10363314/test/itse_prog/LoginTest.java</file>
            <file>file:/C:/Users/Admin/Desktop/Desktop/%C2%A0/Xsynthetic%20Tradings/Assigments%20assistance/Varsity%20College/New%20Client/ST10363314/ST10363314/src/itse_prog/Itse_Prog.java</file>
            <file>file:/C:/Users/Admin/Desktop/Desktop/%C2%A0/Xsynthetic%20Tradings/Assigments%20assistance/Varsity%20College/New%20Client/ST10363314/ST10363314/src/itse_prog/Login.java</file>
            <file>file:/C:/Users/Admin/Desktop/Desktop/%C2%A0/Xsynthetic%20Tradings/Assigments%20assistance/Varsity%20College/New%20Client/ST10363314/ST10363314/src/itse_prog/Task.java</file>
        </group>
    </open-files>
</project-private>
